pitch,energy,zero_crossings,mfcc_1,mfcc_2,mfcc_3,mfcc_4,mfcc_5,mfcc_6,mfcc_7,mfcc_8,mfcc_9,mfcc_10,mfcc_11,mfcc_12,mfcc_13,lang
3.21E-06,0.06077746,81558,-363.75903,112.759224,22.888193,28.59241,22.237778,15.709979,-5.8167515,4.4900627,-3.24516,-3.3567865,-4.213081,-9.569481,1.0479255,french
-3.73E-07,0.03806385,125757,-309.31525,96.11559,-8.012248,36.833508,7.4299536,30.16414,-12.227545,16.103605,-14.270557,5.9802704,-7.3641343,1.9789253,-6.3469152,french
-5.38E-08,0.03646198,115923,-317.8485,102.27737,-14.378415,44.651802,3.5364747,24.336428,-15.366014,10.258761,-13.441803,4.562646,-3.9702427,-1.6533785,1.3707582,french
-6.36E-07,0.036318842,85416,-314.08923,100.47254,-10.973095,41.012463,4.8032613,31.934996,-14.004414,16.459251,-14.822239,5.5227895,-7.4829392,1.1114483,-4.648611,french
-0.000104935,0.081176676,43400,-290.6631,107.89002,4.329469,58.554153,18.389647,23.12138,9.171473,7.509745,-1.3933796,7.4797287,-7.2441645,7.1620502,-0.5557668,french
-4.35E-05,0.077505544,42970,-297.8324,117.62925,0.46862397,67.630905,9.163246,22.374872,4.1481905,0.9664339,2.7350905,-0.025380053,-0.9750343,4.5023375,-1.3605926,french
0.000142031,0.07227735,31794,-297.884,108.351776,1.031689,62.429714,14.954628,23.588657,9.417783,7.2357492,-1.4984307,8.532925,-7.4146833,6.4077787,0.8312095,french
-9.24E-05,0.072828375,73508,-293.08878,114.74187,-5.8169055,40.615746,35.624268,-14.140671,5.65465,2.287945,-7.757959,-2.7829306,1.1337749,6.88166,-13.919902,french
-7.75E-05,0.069356166,66600,-303.0944,127.49739,-17.728851,57.237648,12.803108,-12.522554,3.1453047,-1.2024214,-5.8892174,-0.19525221,8.774097,-5.5110297,-0.5625282,french
-8.63E-05,0.06860504,47080,-302.33063,124.266365,-15.656613,49.32817,28.760454,-9.149669,1.1078492,4.127918,-9.594755,-2.3530235,1.2585827,6.348944,-12.7991905,french
0.000199545,0.17003475,72104,-250.62929,117.3697,2.2580767,46.57842,13.16841,35.41338,-1.9579922,12.622255,2.2388449,1.4355485,5.3870993,-4.0874696,-1.310784,french
0.000192309,0.1628518,72694,-254.36484,121.79034,0.10677926,50.94559,12.24233,30.673618,-7.9588184,13.044264,-1.7101917,0.964579,4.1811376,-9.218578,6.877641,french
0.000160261,0.15837513,48614,-253.68803,121.038925,1.1893446,47.831314,12.3840885,35.77186,-1.7700797,10.483983,3.4841206,-0.9032591,7.082531,-6.1720247,-0.4267927,french
3.46E-06,0.045321465,117964,-339.3638,76.37835,-21.057438,29.747412,-4.2246885,4.584995,-5.3359118,-9.841723,-6.798785,-7.7667594,-9.323132,-0.36651427,-4.701201,french
3.00E-06,0.043637514,118126,-347.2351,77.04065,-23.662601,30.747526,-10.787957,2.6909258,-12.084787,-11.338673,-5.830389,-9.74343,-4.6122117,-1.6709951,-9.890381,french
2.24E-06,0.043717448,80929,-337.1633,80.174126,-22.923214,30.959938,-4.0693874,5.0607815,-6.7746687,-10.858033,-6.4848204,-8.813312,-9.619597,-0.41253033,-4.8217745,french
3.47E-05,0.047796283,42761,-320.3023,93.701035,2.3152783,28.88892,25.699076,18.792978,5.783737,9.022107,5.497834,8.225957,-1.7751511,14.864926,0.4345085,french
2.37E-05,0.045752488,40753,-327.46194,100.12657,-3.8452468,39.208138,21.18441,15.867289,4.2938857,7.4736595,9.026054,3.9065125,8.123806,12.0505085,3.6130047,french
-0.000161332,0.044390824,31773,-323.37463,98.22611,-3.3189425,32.806698,23.490788,19.34639,5.1005144,8.362136,5.6065345,7.6219735,-2.1831446,14.337969,1.4645702,french
2.07E-07,0.05672448,42651,-318.69736,188.73935,-30.403875,9.699651,14.743098,-17.961298,0.5931401,-7.5365252,-11.751514,-5.752704,-10.199215,-2.271322,-8.118557,french
1.88E-08,0.054163985,42847,-316.48593,184.46104,-39.734894,14.504358,4.6987844,-20.61413,0.9570354,-13.69034,-9.829172,-6.7169843,-9.048734,-3.7108572,-13.068525,french
1.53E-07,0.052120984,30240,-322.79044,187.23886,-30.962946,11.047452,12.795817,-18.669401,2.028456,-8.511109,-12.136362,-5.0112123,-10.4017935,-1.9044235,-7.810139,french
-4.74E-07,0.055740636,46546,-328.51932,153.58646,2.5057962,23.697968,31.362705,4.69202,7.339865,-2.9332519,-7.9554005,-1.5160698,-7.3849874,-3.3943167,1.6252213,french
-7.08E-07,0.05317171,46671,-328.05032,153.87787,-1.573854,28.594887,24.597097,-2.0136206,2.3459172,-9.838697,-6.3820453,-1.7251399,-6.8537965,0.14263979,-3.7946537,french
-3.55E-07,0.05155256,32500,-336.47495,156.13112,0.13098553,25.830355,31.572618,3.5662096,8.45253,-3.2402985,-8.19685,-0.94317687,-7.878354,-3.2015805,1.8222605,french
8.27E-05,0.060078125,82651,-269.61765,104.11323,-13.248993,44.42629,5.888006,25.441744,-5.446314,6.58297,-7.4643826,9.306872,-3.8604069,10.9197855,-3.797476,french
5.69E-05,0.057517152,79290,-280.45212,114.07212,-23.222746,55.86013,-3.213207,24.361973,-10.965814,4.514952,-0.40246153,6.3682456,3.7372487,3.902554,1.1832553,french
-0.000252976,0.056257,58326,-275.5399,108.03756,-18.549232,50.61865,1.669566,27.462774,-7.5156507,7.216033,-8.291499,8.712978,-3.8196056,9.856231,-1.9189057,french
4.84E-07,0.037984073,78825,-358.07816,173.52159,-25.06025,23.008928,27.726501,-1.1426381,6.9828515,-8.963909,-1.6575929,0.6767656,-11.960497,6.796374,0.5213849,french
3.86E-07,0.03627332,79487,-356.00854,169.92654,-30.248877,30.39002,19.697279,-5.750641,2.676535,-11.737869,2.4507446,-4.425804,-6.5076237,7.5457163,-12.9065695,french
2.49E-07,0.03489921,53299,-363.9991,174.02943,-26.288065,24.316145,27.271902,-2.1257238,7.458323,-9.426529,-1.9617361,0.6931934,-12.580051,6.6638794,0.4244006,french
2.64E-06,0.05820171,79232,-366.01816,117.32465,19.942144,30.292845,18.821436,7.0632787,-8.925359,3.479965,-7.4710503,-3.5235076,-6.9857354,-5.4615493,1.6113948,french
7.79E-06,0.059180066,55050,-365.6707,114.266495,23.091597,29.882456,21.105083,15.473684,-6.318822,4.4308233,-3.4230585,-3.9271128,-4.3770227,-10.482779,1.0290347,french
-2.65E-05,0.086015895,72966,-334.80215,145.89127,24.491098,31.980444,32.53306,17.218376,1.5051935,3.3354218,4.2194624,2.1579134,-2.9565709,-6.578789,-0.783538,french
-7.65E-08,0.03852972,63035,-370.35077,143.12659,5.498407,33.284435,-0.7488902,20.513039,2.584904,3.7821465,-1.652392,-19.227818,-2.637864,-9.5803175,-5.809242,french
-2.15E-07,0.036936857,64749,-369.0871,142.74599,3.0556154,32.145817,-2.1589313,19.509617,-5.1911325,-1.1683921,-13.523579,-17.374731,-0.005255587,-12.113357,-3.2374525,french
-2.01E-07,0.03660502,42626,-373.9386,142.24365,6.10299,36.66417,-1.12745,21.021984,2.4178145,2.9343643,-2.0833642,-19.873493,-2.6860776,-10.663999,-6.2948656,french
-0.000215489,0.055211578,66784,-334.60416,122.52334,-5.8841143,16.974535,13.585337,17.560965,-8.656353,-0.1130089,0.3967565,-6.8992667,-0.5083052,1.3704726,-4.69232,french
-0.000156894,0.05294511,65907,-336.79416,123.06787,-11.83024,21.091778,11.360119,11.327986,-13.601832,1.7944908,-1.5274037,-6.89719,4.3778534,-3.3640885,-2.1246605,french
-0.000308342,0.05296732,44422,-335.69235,126.89215,-7.072222,17.872946,12.45137,18.706507,-9.065705,-1.2328297,0.5353958,-7.8757653,-0.3777935,0.6199842,-4.713527,french
1.64E-06,0.04368549,89640,-337.0161,80.43047,-0.9933639,21.943172,3.8569238,-5.9931912,-12.788244,-17.56401,-20.910755,-9.313561,-3.9113638,-0.37544128,-4.455021,french
1.16E-07,0.04182544,77324,-352.16516,100.37275,-19.590536,34.3348,-15.812576,-5.204571,-26.400845,-15.934686,-15.348948,-0.56683123,1.599884,-5.569112,-1.437315,french
-5.94E-06,0.04188128,55331,-341.71185,100.21063,-15.932161,35.380898,-4.966772,2.4693522,-20.8642,-12.533014,-27.021418,-6.8260164,-5.652226,0.016254285,-4.8882227,french
3.12E-06,0.048669036,74064,-274.1903,91.066765,12.002876,27.675385,-1.7309382,-9.509107,-3.989106,-1.0660174,-9.5722685,4.313992,2.3103843,4.3774686,5.9516864,french
-2.42E-06,0.046508804,64194,-288.70407,112.04987,-7.9717097,37.51977,-21.804237,-2.6825418,-5.416354,-0.9448291,-4.3949566,10.004985,3.908797,5.513257,7.280298,french
2.58E-05,0.04723433,46964,-281.83154,107.82641,-2.2203999,40.949093,-11.713974,-3.098852,-10.828986,3.5541022,-14.799718,6.169609,0.15779084,3.1813405,7.0869684,french
5.59E-05,0.054572083,114941,-263.37793,69.298706,-5.4174914,32.60005,-3.081257,23.219473,-3.6577597,8.21726,0.34488934,17.534962,-9.232202,11.418721,0.50371575,french
-2.74E-05,0.0516869,101325,-281.50858,84.91993,-20.446144,45.22929,-13.833824,30.895061,-11.915037,12.7053385,5.8487287,7.5633836,-2.474944,8.823811,4.7358904,french
-0.000239503,0.05120323,75826,-272.84433,81.148766,-15.799411,42.91875,-11.711576,30.735394,-10.311548,11.986205,-2.6313605,20.1591,-10.705397,10.983595,2.0340388,french
-1.10E-05,0.07468725,90165,-310.58832,143.06635,-42.20549,28.841324,26.493446,-21.628027,13.449959,2.012919,-23.129984,0.10274539,-6.003526,-13.719612,-2.3408558,french
-9.24E-06,0.07144066,86362,-310.64224,136.7056,-44.6892,36.882164,13.269081,-22.357761,15.315981,-13.6353445,-19.80004,3.6436467,-13.205672,-8.511208,-0.6974196,french
-1.10E-05,0.06993847,60283,-317.4434,142.78549,-41.973675,30.52436,26.760408,-21.755436,13.9876375,2.1310658,-23.502855,0.6521538,-6.2770205,-14.017085,-2.251504,french
-1.39E-05,0.07244017,69147,-292.2046,147.28564,-41.546803,17.973282,25.12263,-2.3496962,0.10668969,2.3391292,-9.113327,-7.4390283,3.8525653,-4.177831,-7.257137,french
-1.59E-05,0.0698169,69595,-285.47598,136.13391,-45.95147,29.68351,15.88225,-7.8486147,0.67868143,-4.37576,-10.65985,1.3055978,2.1752925,-6.649875,4.0766287,french
-3.89E-05,0.06810204,46079,-297.59445,150.51474,-42.086555,19.736357,25.190947,-2.3452952,-0.15202285,1.1713401,-8.770911,-8.00721,3.274918,-4.519669,-7.6075916,french
-3.01E-07,0.049082696,65792,-344.52927,146.97385,6.3133645,38.99637,19.25661,-13.628962,0.33706525,-4.330568,2.500029,0.9619282,-13.807373,-4.4858985,-6.3592186,french
4.52E-08,0.046946693,65828,-340.51385,144.3601,6.5170226,38.11872,5.8694677,-16.421982,1.1289816,-4.0832543,2.1869657,-9.339206,-13.890055,-1.6795075,-7.7694674,french
-5.25E-08,0.047254328,43834,-348.3894,147.55685,6.9294844,39.372066,18.815258,-14.055376,-0.14786594,-4.8381186,2.6999273,0.92594886,-14.244379,-4.4664183,-6.3009176,french
-1.04E-07,0.06555667,51476,-331.85693,155.76433,4.3180623,45.4549,23.802359,-8.959064,12.241605,-6.4063897,-15.51954,-7.0690207,-8.242621,1.7574885,-4.418383,french
-1.07E-07,0.06251694,51714,-328.7369,155.31908,4.3900247,46.982395,10.191016,-11.579601,7.5664244,-17.186302,-12.686398,-3.9405413,-3.8916786,-0.13686013,-11.605127,french
4.06E-07,0.05936444,35348,-340.677,159.65352,0.22750217,47.82598,23.793827,-10.386291,13.295353,-7.532611,-15.663439,-6.20209,-8.870315,1.9456512,-4.757159,french
-6.04E-07,0.048347548,123683,-322.41168,110.74492,11.2761965,44.454517,10.311026,17.926958,-0.7074044,5.8593593,-4.3730183,0.83289295,1.8242364,-4.386909,-6.5228577,french
4.35E-06,0.046547394,124507,-324.49597,113.532814,11.656291,44.86933,5.273974,15.196665,-5.4239426,3.8881593,-5.08135,1.7891946,-0.23008405,-8.208246,3.2139788,french
1.79E-06,0.04626881,86987,-325.6544,110.436104,9.188746,46.677586,8.17422,19.826,-2.5387778,5.6971507,-4.9063225,0.72921264,2.6248455,-6.6041927,-5.621163,french
-1.92E-05,0.082102,69996,-332.85822,148.35927,22.145447,35.267685,28.252779,9.262311,-1.874055,3.2280965,2.4699035,-2.4907348,-6.8062105,-4.7533355,-0.25887686,french
-6.86E-05,0.08180736,48864,-339.3905,147.94987,22.816126,33.32922,31.821459,17.139061,1.3452054,3.21643,4.306302,1.9870112,-3.1310647,-6.878429,-1.0908074,french
-0.024289528,0.08494819,25234,-322.30823,125.56859,24.17805,39.38163,23.125837,20.271534,-7.683799,11.503442,-6.9706974,1.1529899,-2.7535386,-3.5756927,0.7383987,french
-5.18E-05,0.03800207,51800,-382.13983,128.72311,23.905699,33.373814,14.627309,22.278858,2.3499074,-0.77702993,-3.525459,5.454706,4.3727846,0.6371365,-4.2177553,french
-4.14E-05,0.03636898,50858,-383.61542,134.9942,19.831179,35.150608,11.103837,17.821835,-4.309199,-2.668108,1.649215,5.9349146,1.6279255,-4.9124417,-0.5589146,french
-4.70E-05,0.035272885,36187,-390.3118,135.00694,18.869669,38.88872,11.355767,24.646292,1.356739,-0.66548324,-4.3179755,5.609707,4.551895,0.08163603,-3.5338485,french
-6.31E-06,0.057248034,101260,-303.38138,142.02919,-28.955088,32.214436,26.478228,-1.8027849,13.095886,-17.284534,-16.930225,1.0920624,-10.469312,-3.446424,-4.175322,french
-6.38E-06,0.054684367,102014,-302.6917,137.20576,-29.801857,39.09231,16.6274,-5.796688,2.8686402,-27.176529,-7.5957627,0.3561046,-11.326619,-0.72029656,-7.2087817,french
-7.37E-06,0.053026304,66212,-310.447,143.31277,-28.20543,32.981117,26.70931,-1.7059537,13.330019,-17.218807,-16.655554,1.1889724,-10.915058,-3.6142735,-4.053432,french
3.75E-05,0.078636944,121014,-341.94022,106.49015,16.467522,35.536266,7.6053243,11.496844,8.03924,0.7763952,-2.0153062,7.130019,-5.092381,-6.783399,-5.7286177,french
3.97E-05,0.07500063,116508,-344.96075,110.0664,13.241868,36.300472,2.105366,12.078629,3.7041767,-2.626194,0.42226276,0.66803235,-10.717286,-6.448925,-1.5925578,french
5.27E-05,0.074814625,82402,-341.3907,108.43775,15.31711,37.684196,6.4195447,12.168503,7.2437277,1.362937,-2.343414,7.2302523,-5.557613,-6.689808,-5.0694456,french
4.89E-07,0.059676155,98476,-331.05304,118.3065,5.8922176,42.52313,20.469273,19.98907,-5.5247874,1.0140803,-8.709762,-6.901858,-7.597765,-5.9059763,-1.558276,french
1.87E-06,0.05707877,97044,-332.53842,121.27056,5.0718055,46.13213,14.688056,11.443864,-13.003192,-2.7946603,-11.263512,-6.1398153,-4.1880555,-2.6654098,2.9608588,french
6.46E-06,0.05660607,68204,-333.21414,119.55257,2.00842,45.45453,19.14581,21.588951,-7.110906,1.0841663,-9.462525,-7.0495777,-7.0063033,-6.9498754,-0.544855,french
-2.51E-06,0.03627603,105162,-362.75107,119.47028,2.2418652,32.724384,23.605307,-0.8657937,1.2182949,-15.776656,-8.924589,-0.12295824,-9.287778,-2.3629084,-7.3312063,french
-2.12E-06,0.034633867,105284,-362.75803,118.06296,2.6484625,34.601227,13.61554,-7.6457777,-6.459988,-18.414972,-2.570978,-3.3571315,-10.481911,-4.0975714,-12.326399,french
-3.49E-06,0.033465527,69280,-368.1018,118.394264,3.6697052,32.470955,23.498173,-0.2934652,1.342119,-15.522878,-8.954046,-0.32371032,-9.254233,-2.6600003,-7.368961,french
-1.18E-05,0.05934699,93246,-291.91248,115.46416,2.1951706,34.66047,-5.0104237,29.844954,-0.14007206,10.858822,-3.7850592,-0.836499,-2.026423,0.5590545,-7.8684173,french
-8.21E-06,0.05689585,91232,-299.40045,122.98969,-5.6154423,39.160946,-8.048333,32.25867,-7.0948324,7.2852254,-6.877405,-3.0853565,2.0507107,-7.4150615,1.0920556,french
8.90E-06,0.05708472,62524,-296.031,121.4551,-2.6106384,38.93756,-9.086634,32.784534,-1.9181898,11.011732,-3.714768,-2.3440545,-1.0342045,-1.1571907,-6.127293,french
-1.09E-05,0.024404647,121185,-374.7982,85.64847,13.279213,47.255764,-32.89907,48.299015,-15.319817,4.9144764,-1.1568774,2.398537,7.4026585,3.551116,7.7702103,french
-9.46E-06,0.023611153,123839,-381.0843,89.70117,13.507431,38.30909,-29.159477,48.535717,-26.870266,12.228318,-0.77569896,6.769331,8.11396,-2.5866811,5.163039,french
-1.26E-05,0.022674495,86659,-378.08157,85.0751,12.705874,47.329643,-33.643105,49.00215,-15.621392,4.2890844,-1.080689,2.1114852,8.047743,3.1586325,7.34622,french
-4.62E-06,0.03734057,108054,-268.36426,111.335686,-15.952657,18.587118,-0.2621285,39.78813,-13.513438,18.865643,-15.14504,12.509629,-12.765463,5.1172156,1.9242564,french
-8.93E-06,0.03570386,103956,-281.76465,122.0604,-30.961391,30.382193,0.12850171,36.56023,-18.546846,14.690324,-14.330393,10.469525,-10.060459,9.008218,2.677257,french
6.47E-05,0.035884354,73909,-276.84247,117.54993,-22.271719,23.205564,-5.0740805,42.419823,-15.806908,19.830147,-15.61259,12.322468,-12.540069,3.0353644,4.965322,french
-0.000313262,0.05456817,67758,-314.54608,126.614105,5.27941,38.265514,-0.89842194,19.37753,5.8318033,8.591549,-1.5144254,-5.8345375,-0.2612547,3.7115593,-1.8975092,french
-0.000268993,0.052290972,66650,-318.52542,132.02287,-1.3206019,41.69213,-5.9775357,21.594545,1.8183563,2.807485,-3.8170831,-7.0229344,7.095878,-4.135621,-1.78703,french
-0.000464576,0.050161123,48172,-321.39474,132.15889,-2.2237663,47.021923,-7.088972,23.754667,3.9730306,10.12218,-3.0994446,-5.3007135,-0.49754712,3.4944806,-1.6660588,french
-2.30E-06,0.085398175,66950,-301.26334,155.9242,-15.326125,26.48271,26.31719,0.08388983,7.37017,-14.173974,-11.713545,-3.61133,-14.516053,-0.58352464,-1.2383267,french
-2.21E-06,0.08161651,67276,-298.0892,150.94995,-16.769335,31.469809,17.80622,-5.248655,-1.6252174,-21.232395,-6.9053793,-5.7033095,-9.034849,5.3116274,-5.3984013,french
-4.70E-06,0.082262225,45728,-305.34204,156.78395,-16.923658,27.690123,26.346468,-0.4195198,7.7056484,-15.107736,-12.34674,-3.8042896,-15.34566,-0.77533513,-1.3003744,french
-0.023193214,0.081037894,25372,-325.93948,134.25613,18.478292,44.322163,16.880564,11.823886,-9.029463,7.6524453,-8.2925415,1.6487159,-2.7643735,-1.7815648,5.144796,french
-0.023032192,0.078055166,18240,-325.75714,125.751205,20.699871,43.549084,20.88034,21.690758,-9.069821,10.926419,-7.1047454,0.8120579,-2.3034868,-4.9111905,2.072259,french
-2.43E-06,0.050383035,81424,-361.41452,129.70012,15.64154,39.136337,25.562,7.302572,-13.075375,11.843357,9.364873,-13.612061,-3.5589368,0.1041972,-0.5539242,french
-9.17E-08,0.06623148,61769,-338.63644,140.31723,-5.197389,30.90701,15.25585,-7.225549,2.7701375,-30.66168,-26.58473,-2.2437842,-15.666716,-13.471437,-6.2698116,french
-5.95E-08,0.0633011,62095,-334.66183,134.85223,-4.880638,30.294855,3.1320608,-13.397494,-11.66806,-38.94874,-13.665627,-2.642388,-18.668835,-7.367613,-6.2147055,french
-2.42E-07,0.062794454,42042,-342.5465,143.68152,-6.151695,32.46004,14.720741,-7.650196,3.753289,-31.929386,-27.251581,-1.8651983,-16.009315,-13.27854,-6.3233113,french
1.09E-06,0.09791134,82433,-335.19733,151.57555,-11.14643,6.650476,35.55596,-2.7037084,2.7945187,20.93838,-4.6253657,-8.095373,8.484185,-6.995875,-17.666037,french
8.23E-07,0.09354172,59040,-331.5064,146.71526,-16.737911,13.811451,31.22162,-7.7845035,9.147506,12.773149,-15.558778,-4.122728,0.68181765,-19.243523,-8.706735,french
6.45E-07,0.0898983,49371,-341.86792,155.26773,-12.470963,6.5926857,36.471863,-2.8288112,3.2242625,21.467464,-5.1253433,-8.039455,9.10798,-7.1501107,-17.733055,french
1.92E-05,0.044796254,101830,-362.41055,117.51193,25.22513,40.147575,17.3923,6.2218595,-0.35492623,1.1591522,3.128542,-3.6289818,-6.946309,-1.8371096,-1.6989398,french
7.84E-06,0.042793218,98546,-366.72144,125.08639,22.097975,41.214,8.559959,2.8693764,-2.8707023,1.8853815,0.5261634,-7.8383374,-3.0758297,-0.032575272,-0.25866237,french
2.40E-05,0.04097413,68648,-367.57266,118.150444,22.891012,42.062798,15.947644,6.290107,-1.1154552,0.9045462,2.9268303,-3.9830122,-6.900555,-1.9716719,-1.3014812,french
-4.25E-06,0.07772795,91981,-376.0725,117.25666,-14.20831,24.363556,36.414635,-3.5259233,-0.24370052,-1.3457686,-10.789014,1.3264362,-2.4080625,-9.107191,-3.7316525,french
-6.59E-06,0.07474181,80703,-373.35736,113.7544,-18.806517,34.734074,23.547085,-14.042829,-0.36048535,-9.174276,-6.9095163,1.014696,-11.456174,-7.0759153,-4.260608,french
9.23E-06,0.07457148,57909,-375.94666,122.72398,-14.779206,26.127972,37.79184,-4.602788,-0.037425894,-0.86358625,-11.108545,1.0613967,-2.5465825,-9.579145,-2.9774127,french
-1.22E-06,0.048180215,82410,-358.96246,130.07913,16.310652,40.326576,18.170948,-2.1130404,-10.157533,15.847242,-2.962561,-15.074889,4.6525493,0.711975,0.65977335,french
-4.17E-06,0.04724402,55532,-367.6999,130.87436,14.184905,40.656315,24.332462,7.9956484,-13.934968,11.428646,10.221835,-14.611446,-3.3675108,-0.45269758,0.032407,french
-9.89E-06,0.052641857,135458,-356.1494,94.88537,22.266798,37.639576,11.560193,21.79466,-7.0480676,5.1855884,-0.3620665,-3.229172,-5.4589343,-4.9222474,3.2949564,french
-1.26E-05,0.05033274,123288,-360.0127,99.97076,20.685654,38.232006,8.36485,15.381861,-11.246738,5.337444,-3.8181398,-5.6323304,-2.9760096,-2.1020513,4.3933396,french
-3.82E-05,0.050004866,93030,-359.031,95.41121,20.76516,40.148064,10.450684,22.511124,-8.176035,4.4596086,-0.1299294,-4.36872,-5.0678887,-6.051609,4.187627,french
2.99E-08,0.05261501,150553,-283.19867,104.09339,-5.995871,30.068405,-6.9780617,12.29438,-14.513137,9.380718,-16.68565,12.801597,-11.873712,-8.815583,4.0867567,french
-2.97E-07,0.050115246,149443,-293.158,111.77357,-14.209572,30.924288,-11.345942,8.075742,-13.650884,5.6244035,-12.872221,10.112569,-18.893053,0.930019,4.557015,french
3.65E-06,0.051325012,109009,-286.2448,109.01113,-11.96897,32.825943,-10.109654,14.25674,-18.01529,11.076781,-19.638294,14.717396,-12.832819,-11.001916,8.548967,french
-9.75E-07,0.055552248,77665,-305.48956,117.15658,-20.653603,34.878727,19.755219,4.95508,-1.5681831,3.8300037,0.26533797,-4.58335,1.4263905,0.9820763,-6.041007,french
6.51E-06,0.05358358,79681,-310.96555,120.10238,-26.286283,43.12596,11.2546425,0.7090045,-1.904786,2.3707478,-0.90544575,-5.435005,4.7891006,-6.7406783,-3.5033848,french
5.13E-06,0.052719984,53606,-315.54846,132.32785,-32.584057,40.863937,16.308754,5.6797776,-0.5966748,1.3468114,1.269483,-6.222425,2.0139587,1.1709642,-5.9508944,french
-1.96E-06,0.046231218,149295,-341.0357,111.17579,-0.46967694,29.605165,20.33951,9.936474,-9.314142,3.5599139,-19.02594,-13.406876,-12.495629,6.441053,-6.849695,french
-3.14E-06,0.04416766,137785,-345.93927,115.27318,-5.163382,35.115505,13.00002,0.36562607,-12.725036,-6.3696876,-20.414322,-9.748628,0.058502775,3.7064617,-10.921223,french
-9.19E-06,0.044813912,100095,-344.6767,112.79196,-2.762269,31.112036,20.098152,10.715642,-9.500205,3.2453926,-19.295202,-13.587565,-13.1201935,7.200251,-7.1466093,french
-3.17E-05,0.07722002,72277,-313.1869,138.89923,2.560637,37.01544,19.669184,13.366341,-8.194237,-13.392315,1.6619338,-4.2767153,-8.262938,1.0987136,-3.8082216,french
-2.45E-05,0.07399479,69573,-310.7964,138.01752,1.1680464,38.974,12.323806,3.8474061,-16.46535,-9.613746,4.133563,-9.038616,-3.2676044,-0.2213134,-6.6716003,french
-2.27E-05,0.07342298,49006,-316.39825,141.16772,0.11279395,39.885498,18.638006,13.019887,-8.441208,-14.4632225,1.7458384,-5.0163827,-8.776956,0.9203229,-4.117924,french
-1.93E-05,0.06494252,100626,-287.08606,129.3107,12.446132,35.463085,3.0268888,18.027298,-17.089144,5.285953,-3.910157,0.9188088,-4.1777396,0.60780376,-2.6637788,italian
-1.51E-07,0.046797134,52346,-354.49445,150.84079,8.250126,40.08239,37.628246,1.4107015,-1.5707383,-14.266211,-6.7440567,1.9169497,-11.596023,-0.2702155,3.1122992,italian
-6.05E-08,0.04469074,49366,-352.126,151.43959,8.148289,44.022343,25.757416,-9.655601,-8.572863,-15.294325,0.1918154,-1.7058792,-9.896829,4.4973555,-6.5049486,italian
-2.97E-07,0.04302686,34407,-360.95767,150.97693,7.5738306,40.214973,37.585632,0.9847964,-1.9763561,-14.778758,-6.870957,1.9379634,-11.769768,-0.13083524,3.3141203,italian
0.000297114,0.06444818,52805,-347.4749,131.18088,-2.2945871,30.234552,33.783146,5.6478434,4.218695,0.39635447,4.710765,2.719477,-4.54114,0.31375015,-0.94622743,italian
0.000297879,0.061682533,53083,-348.77615,132.11101,-4.933797,36.587086,27.119486,-0.78184557,2.5396364,0.06149141,4.6715827,-2.21232,-3.8487546,2.3583736,-0.66067725,italian
0.00047749,0.059430614,34619,-347.57,135.32127,-1.2005712,30.57609,33.604485,5.031749,3.6895401,-0.1462848,4.874915,3.3191903,-4.8004546,0.052404266,-1.425977,italian
-6.30E-07,0.075645566,47094,-338.6688,156.57932,2.564428,12.58621,18.177088,1.9469675,0.2659354,-21.451622,-25.718582,-12.911688,-7.799764,-0.49212593,-4.1186175,italian
-4.70E-07,0.07228882,47260,-335.9456,154.58249,-2.6281068,13.842551,11.394435,-6.4662633,-12.410052,-30.516512,-18.308626,-3.648254,-2.0376709,-2.3362355,-10.647522,italian
-1.36E-06,0.07161319,31298,-346.70193,160.94043,1.4104682,14.018601,18.287678,0.76116556,0.3167047,-22.04772,-26.00742,-12.956439,-8.664946,-0.8650423,-4.4366074,italian
2.49E-05,0.07641743,53258,-322.1892,122.965546,21.870728,28.581453,13.787512,14.877006,1.2659448,6.212648,-7.902212,-3.039388,-4.807387,2.5184429,-2.5427978,italian
2.14E-05,0.07306505,49493,-325.07037,128.84776,16.69848,29.962347,10.570845,9.738636,-1.3057681,-0.65884197,-8.145976,-1.9576869,0.8772784,3.5662384,-0.9641755,italian
3.19E-05,0.06988802,37120,-326.97845,125.17952,18.393066,31.501066,13.754643,13.506451,2.2078748,5.3531194,-8.774009,-2.477479,-5.692432,3.842477,-3.8099043,italian
-4.16E-06,0.07065647,167291,-284.14697,111.10991,7.3240557,25.8189,6.5862117,19.199791,-1.1934377,5.992291,-4.238877,13.673256,-10.065258,7.079996,-7.3309684,italian
1.33E-05,0.067541085,112258,-296.15234,125.54085,-8.871939,37.40547,-2.7950416,21.762632,-6.6539097,4.3232865,1.8375477,4.371527,-6.322591,2.2735643,-0.6579384,italian
2.11E-05,0.06644449,90941,-296.27838,122.11604,-3.5398023,36.65781,-0.49194083,22.77993,-3.060591,4.664536,-2.2037234,11.160954,-6.754649,3.461772,-3.549108,italian
-0.000388517,0.044676557,52526,-383.29626,137.77455,-2.3276641,36.912758,17.955833,11.765526,7.841573,6.030096,-2.9901593,2.1407337,3.450971,1.1578407,-2.6077812,italian
-0.000393669,0.04281729,51670,-384.63724,140.56143,-6.89697,41.994278,12.152779,9.328198,5.8651705,0.31464118,-0.85742086,2.3337603,4.948558,-2.7501376,4.159663,italian
-0.000264361,0.041697793,34262,-386.47327,140.80061,-4.3437133,38.19569,17.57416,12.208246,8.922211,4.3299885,-2.339239,0.6856999,4.3228736,0.5737807,-2.2835224,italian
-2.98E-07,0.04951959,58855,-380.73038,118.20789,20.125296,29.600008,33.04138,16.768394,7.557815,-14.989349,-18.91696,-5.6091323,-8.033158,-10.53308,-4.7916746,italian
-5.15E-08,0.047302514,58285,-379.50842,118.92373,20.282623,32.970863,27.944431,6.963486,-6.7524924,-24.513641,-13.700605,-2.5568469,-9.621478,-6.8679004,-1.8202242,italian
-2.08E-08,0.04680528,39496,-386.2708,120.299805,19.179483,29.971678,33.403183,16.503645,7.295538,-15.921272,-19.525753,-5.4741454,-8.102169,-10.663853,-4.813942,italian
3.67E-06,0.07496239,54009,-329.89246,127.46685,18.797083,39.350166,18.091654,12.660782,3.0340304,-2.637208,-5.6981,0.47364143,1.6621065,-2.561271,-4.5406313,italian
3.91E-06,0.07176002,53400,-332.36545,132.57158,15.800432,40.53154,10.795704,7.888705,-2.7162971,-5.6546106,-2.480534,2.0078144,-0.610935,-5.7736244,-0.40142596,italian
1.36E-05,0.06960283,34617,-337.86865,135.07935,16.004229,40.53808,16.98152,13.385895,2.5090544,-3.0992599,-6.6320686,-0.17203283,1.3054968,-2.990818,-4.630342,italian
2.17E-05,0.058652896,97704,-295.50385,102.56652,-13.044966,53.347076,-1.0685194,11.012641,1.1540549,-1.3477019,4.0783086,1.8652382,-4.4784546,4.2240186,-1.4946284,italian
5.28E-05,0.05651696,99564,-299.9207,103.96668,-13.485565,54.280773,-9.873521,12.307457,-2.987035,-0.67605954,6.6658087,-4.562091,-0.5086081,0.86523724,-4.325643,italian
4.98E-05,0.054778073,68636,-300.87192,105.75063,-16.113106,56.740173,-3.84938,12.074144,0.94307524,-1.8925996,4.608625,1.381928,-4.562706,3.2366095,-0.6904178,italian
-8.20E-06,0.08961745,91671,-334.31677,135.86375,-1.5323007,40.539467,24.867214,9.5938225,19.726442,-16.021963,-6.807669,17.699097,-1.3745307,-5.699509,-12.393284,italian
-7.30E-06,0.08559771,84692,-335.09537,136.87045,-2.0010133,44.898415,17.929428,8.14039,9.344055,-21.63693,7.13895,10.515859,-16.606586,-11.776495,-14.09489,italian
-7.21E-06,0.08095412,60615,-339.61917,137.78976,-4.3354516,41.06738,24.315214,9.182241,21.359844,-16.375277,-7.463061,18.013681,-1.9301627,-6.095747,-12.124615,italian
-1.94E-05,0.061996486,92654,-291.9202,137.56763,3.8388994,39.01664,-5.1096992,13.724204,-20.193636,9.018512,-4.0621576,-1.6225246,-0.11322505,-4.742095,2.6790593,italian
-4.49E-05,0.061610855,70463,-294.64618,131.3004,9.450865,39.937504,-1.1998371,20.879648,-19.273869,6.2790594,-4.221897,0.43067464,-3.5251184,-0.5105408,-1.2631931,italian
2.95E-06,0.046153188,119980,-364.875,126.65753,13.598117,28.177387,22.948551,22.711157,-2.3707914,0.37352565,2.2052994,-11.32962,-5.2399073,0.7361468,2.853172,italian
1.00E-05,0.077344134,71532,-272.50662,121.24288,2.6434035,55.481342,14.955783,34.227936,-4.54841,2.4666371,-20.256422,11.297029,-0.06721099,0.20929177,-2.661547,italian
1.37E-05,0.07408812,71208,-282.2416,135.48732,-4.5827675,64.356804,7.1920495,27.40322,-15.97106,-2.7645872,-11.970946,16.76715,-1.0409726,-3.7459078,9.015636,italian
3.05E-05,0.07144301,50142,-281.70306,126.57958,-4.1615806,60.843403,11.510733,36.907116,-7.343208,5.1480923,-22.32799,11.749263,0.83091223,-1.9614702,-0.05995733,italian
2.31E-05,0.06295438,81056,-339.3676,125.95505,12.445777,38.266582,21.530247,20.803946,-9.517612,-7.5117774,-4.1646137,2.7362158,-5.8753386,-2.9251776,-0.65741605,italian
1.90E-05,0.06029347,79860,-342.99762,132.98784,7.668566,42.18549,14.496164,10.764632,-18.158514,-5.750435,0.87912184,0.1865495,-5.444502,-1.5112661,0.36197907,italian
3.93E-05,0.059587568,52776,-344.64667,130.16817,11.3244915,40.699596,20.936586,21.724726,-10.048731,-7.9497375,-3.6239204,1.9832321,-6.0167356,-4.5637403,0.44388506,italian
-4.51E-08,0.04499458,140988,-331.8935,97.22028,-19.61771,55.173214,-7.80301,30.289724,1.2719424,-0.33785924,-8.016998,-8.356284,-3.664731,-9.531112,-8.630557,italian
-8.57E-08,0.043543465,136145,-336.97922,97.9256,-18.591988,57.126427,-11.591501,30.169668,-10.317321,-6.887911,-10.065989,-10.686306,-2.730014,-15.383914,-3.9824402,italian
-2.00E-07,0.043481458,95748,-334.85596,98.65605,-21.63573,58.877068,-9.573929,31.85162,1.3029367,-2.3271716,-6.568245,-10.495919,-0.8629645,-11.626258,-7.009775,italian
1.16E-06,0.049423836,90218,-279.72476,110.72437,2.4217703,22.99293,0.11412208,22.36876,-12.981939,1.3940061,-2.5630322,6.653948,-2.9896903,0.15368454,0.6131591,italian
2.62E-06,0.04730459,87842,-286.98315,116.88495,-7.0660405,26.855846,-3.8060777,19.186275,-18.578606,5.238674,0.99270856,3.2893524,-2.0775394,-0.13873324,4.2156267,italian
1.66E-06,0.045773525,60240,-286.1579,116.09443,-3.0886407,27.550636,-4.3297205,25.922087,-16.071589,2.58043,-4.915252,6.9975877,-4.0998626,0.16956908,0.57680315,italian
3.61E-06,0.04409908,113590,-364.9636,128.34338,11.44166,31.690958,20.665733,14.837241,-9.939726,-0.23574102,-3.292832,-11.056619,3.5547233,3.570548,2.243688,italian
1.10E-05,0.042996883,80942,-370.18097,127.640144,11.365211,30.966732,21.221447,24.13583,-3.223443,0.27650684,2.5590265,-11.719148,-5.3901024,0.3015627,3.0743468,italian
-0.000595963,0.061298415,48989,-318.86206,118.59677,-18.999092,35.231983,16.531921,31.326263,-2.945793,5.1743665,1.6938587,-0.02143902,5.748059,1.4568222,-3.1001313,italian
-0.000472825,0.058819648,48017,-324.12634,122.19897,-24.501657,44.877396,14.359676,25.3456,-8.921782,4.164843,3.5528193,-1.7126392,10.225407,-7.7168427,5.61513,italian
-0.000784774,0.057588924,33527,-321.2699,123.3139,-25.132504,39.675854,14.69723,31.29255,-1.4262822,2.7216382,2.8701644,-2.7052727,7.3364763,0.036042694,-1.7668515,italian
1.49E-06,0.050241273,61389,-393.5615,130.3007,-12.722682,-0.84686726,14.751382,9.479457,-7.5573483,-17.857151,-6.2667637,-4.8381414,-4.7563972,-11.779608,-14.977822,italian
1.63E-06,0.048084293,57173,-396.53366,130.34033,-21.088547,3.1156545,13.444721,1.8561919,-17.242834,-17.039766,-2.865041,-7.4822173,-9.6637945,-15.760801,-6.919793,italian
1.85E-06,0.044916112,39784,-399.27054,132.03879,-9.515622,0.76081556,15.207636,9.534102,-7.377472,-18.000074,-6.857473,-5.4518037,-5.090468,-11.561896,-14.996771,italian
0.001471747,0.07267565,48420,-311.2133,138.64177,-0.28548643,43.05537,13.052497,-3.1399727,15.875581,0.4234241,-4.409225,-0.9642629,-1.3031933,1.2059385,1.5404341,italian
0.001293321,0.06976768,49272,-309.22845,137.94243,-1.0603735,44.696384,3.2612116,-1.067154,14.064487,-7.1694446,-2.9012985,0.13379133,0.63939255,1.9900904,-0.006529841,italian
0.001169838,0.06792729,35032,-314.5721,139.28752,-1.4663427,45.606693,11.86114,-3.802723,16.477137,-0.6021807,-4.408533,-1.6532426,-1.7653909,1.0233117,0.86554056,italian
6.43E-05,0.06475978,14990,-360.9423,158.00645,35.00533,26.86638,7.304325,11.441977,4.2869782,1.8972427,1.9072763,2.738987,1.9730493,4.333101,-2.4350052,italian
5.55E-05,0.06184181,14788,-359.1961,161.84009,28.011414,25.041735,2.9641762,10.477326,2.509148,0.099090874,5.1424155,0.23278023,4.630967,-0.5783535,-0.14951855,italian
2.81E-05,0.06081014,10906,-360.78973,158.52655,31.834991,29.212418,5.877906,11.812111,3.9608617,0.58961624,1.4883103,2.0523407,1.560116,4.315644,-2.8166187,italian
-0.000123253,0.07677592,55626,-307.59708,123.73521,-18.447865,65.72237,22.204979,1.8897135,12.208409,-4.7540083,-5.594493,-2.495925,3.844383,2.360661,-4.5679903,italian
-8.62E-05,0.073576786,55970,-307.85574,122.5649,-15.464756,70.94482,8.364838,-0.3563575,7.583104,-11.233268,-0.5980672,0.5594087,5.4571958,-4.1081767,-4.0885916,italian
-5.87E-05,0.07225583,40072,-308.79987,122.08367,-21.484587,68.22482,20.981377,1.9020834,12.753931,-5.9693565,-4.6193576,-2.8457215,3.841051,2.5885804,-5.073944,italian
-2.22E-05,0.05174788,81458,-354.40842,130.3675,7.8096437,36.08796,4.801449,14.921025,8.171276,-3.0859337,1.9167838,3.03309,-0.8159528,-0.32023144,2.8295374,italian
-6.71E-06,0.04959273,80704,-355.14917,132.06456,4.0551004,37.291035,-0.43464893,16.296806,1.6711626,-4.176696,5.295109,0.32435846,0.5665403,-0.12935682,4.467122,italian
0.000106828,0.049147774,53868,-356.12375,134.24991,5.3426785,38.861446,3.5093892,14.906098,7.456877,-4.4881043,2.17784,2.0631373,-0.469584,-1.5447911,3.360422,italian
0.000260499,0.047916893,68446,-323.99167,135.45471,-9.320077,38.416054,1.7212025,17.585453,0.8186881,0.42110866,3.0029926,6.4387665,-5.984616,7.184522,-2.24144,italian
0.000248109,0.046033185,66140,-331.96097,146.10484,-21.025723,46.446365,-6.2056704,18.310154,-2.9512227,-1.2307035,10.137247,-4.3421597,2.6492143,1.1964364,0.58056045,italian
0.000184264,0.044963546,47808,-331.13223,141.0009,-14.677135,42.618065,0.12360802,18.023993,1.1228591,-2.3576741,5.7636847,3.618861,-4.294897,5.2678328,-0.98160297,italian
4.19E-06,0.042472403,90437,-337.37534,139.61028,-19.77196,41.53587,17.160124,19.000748,2.2178395,-11.119071,16.64735,-5.733723,-0.5243061,-0.10928787,-8.381787,spanish
-7.88E-06,0.052384865,60195,-338.1537,138.4554,20.505075,36.51616,21.368584,31.460228,-4.0488753,14.381926,4.5312943,1.3060344,-7.777157,-5.6849575,-1.2458519,spanish
-5.10E-05,0.074573144,69653,-346.77988,133.03174,25.673735,47.52624,22.43528,1.7981025,-11.150678,-9.453054,1.5412678,-1.1482179,-5.2451463,-4.6325526,-5.47853,spanish
1.27E-05,0.07860392,65158,-312.23526,130.83023,24.476757,43.548267,21.172363,29.675356,-1.1992816,12.74112,5.4126415,1.7616454,-6.8308716,-1.4053311,2.196283,spanish
2.60E-06,0.04179561,62794,-372.019,134.65565,33.780464,33.54806,28.455704,21.414587,8.3121805,15.180653,3.7361443,0.7414459,-1.0339167,-3.691896,-1.3423901,spanish
-1.18E-05,0.08428185,88371,-318.99396,134.79793,9.640087,22.851711,22.475183,16.09695,-1.7202886,2.2372532,-0.9012348,-3.0297613,-2.6084871,-2.9750721,-2.7043116,spanish
-2.54E-05,0.052676287,59707,-296.62363,78.7011,28.2452,32.023064,3.179785,26.7184,0.1141862,-7.867142,6.8616576,5.5003695,3.3371093,3.6675894,6.962698,spanish
5.25E-06,0.08317541,35834,-249.43474,95.741905,39.28797,22.394318,10.239651,27.240644,-11.234839,-2.880945,6.0992274,9.72581,-4.3316636,2.7424958,4.0285835,spanish
-8.78E-06,0.044723067,87001,-327.05975,124.40241,0.33434182,35.11682,9.191904,21.28809,-11.067553,-1.9468993,0.072253205,-5.508009,-4.804879,-4.754803,-5.480918,spanish
4.14E-07,0.05820309,123511,-276.54807,120.50263,-7.4770937,28.571863,3.1444602,12.013874,-19.216742,20.042145,-17.58457,-4.691205,-3.95445,-5.030461,-4.420473,spanish
2.66E-06,0.04589646,123094,-280.86948,129.3974,-22.192163,28.840563,-1.2295358,7.1830816,-8.563546,21.241642,-18.09053,2.4274945,-13.202695,-8.1847315,-5.5016236,spanish
-1.46E-06,0.036336407,142906,-325.19876,121.51773,-12.928576,22.074816,3.5135677,14.498956,-8.694395,12.729098,-13.274955,8.880174,-7.986148,-5.595304,-2.756725,spanish
0.000189759,0.06473441,104721,-388.76425,106.99053,32.147697,30.063013,23.836014,23.128668,5.5053425,4.009638,1.2965752,1.0373474,-3.4342778,-4.8541107,-0.22606744,spanish
1.76E-06,0.039664354,133220,-317.8286,126.37185,-6.038137,17.827457,-3.2670379,3.7304947,-12.457089,7.4431963,-13.415063,-0.008589084,-8.1995125,-6.125867,-9.64194,spanish
-9.48E-06,0.045046527,29817,-385.7094,121.75715,3.8386106,35.594414,21.036774,14.62872,9.069517,2.4930236,15.775009,0.040248405,2.7219014,11.810251,0.100203894,spanish
8.41E-06,0.048659135,123425,-334.82404,101.402435,-6.6030064,16.878023,4.018499,9.103778,-3.056284,2.2985513,-12.1024685,-5.300969,-15.036128,-4.1438217,-6.258972,spanish
-1.12E-06,0.05886918,88827,-292.15823,161.33029,-42.876465,42.032253,6.313611,-11.107519,12.613883,-0.5377387,-14.8303385,-2.3012044,1.5610855,-9.485803,-7.767944,spanish
4.97E-05,0.04106803,60521,-383.95633,123.10305,13.536493,12.681041,15.015753,15.802886,4.9448605,-0.77045447,-0.17164816,0.0274738,0.9193442,2.0012295,7.0421505,spanish
-3.11E-05,0.045796685,74197,-358.10306,117.96178,6.3383684,30.910185,21.400301,15.757655,1.3723767,5.623068,-4.8627753,1.3620284,0.3820987,-0.8026087,-3.1832752,spanish
6.22E-06,0.047066234,90044,-282.23834,110.46723,-21.362188,10.644582,4.9683037,9.176934,-7.54596,-1.8430853,-8.65912,-1.2301272,-11.13836,1.4060881,-12.230875,spanish
1.62E-05,0.04679438,76006,-365.79868,150.1652,-19.620075,44.92516,35.022865,-11.1993265,14.438321,2.7707508,-5.829823,6.703226,-5.688292,1.2025849,5.4445925,spanish
7.89E-06,0.041471254,181648,-324.7914,98.560616,-13.439525,23.41966,-2.6111073,17.593744,-11.700343,7.416734,-11.739037,-8.17831,-10.122331,-6.9861298,-5.2754197,spanish
-0.000279179,0.045578536,47315,-303.64685,132.1697,-31.384794,15.97287,3.474389,5.5933943,13.320606,10.972284,3.3364332,7.359548,4.939697,3.1032953,0.36598775,spanish
0.000147801,0.07016268,97648,-340.20654,125.61774,21.115818,22.96335,17.35307,13.342332,-5.930542,2.0335581,0.31512567,-0.30664942,-4.9891853,-8.03614,-0.356834,spanish
1.81E-05,0.10831936,85728,-262.03867,117.61602,1.7865113,49.686234,5.92655,19.008945,0.92090684,-4.216577,0.73212385,-0.30865625,-2.224922,-1.9051068,-4.891316,spanish
2.27E-07,0.04843184,105220,-338.32404,153.97198,5.4020457,32.733765,23.614973,-4.359154,7.1361322,-6.780778,-5.921376,4.0716214,-11.0037985,-7.3978024,1.0287204,spanish
3.46E-07,0.049395356,48524,-335.85324,191.55933,2.6033366,23.103176,22.381788,-0.66220105,11.956329,-4.5507665,-7.4217987,1.2802691,-7.0556965,0.5615898,-1.1715606,spanish
-0.000226987,0.07348213,54312,-332.1851,107.48692,0.95976007,32.0303,21.306276,18.7969,-2.2766273,6.624853,11.392628,-5.4303756,1.0768278,6.296978,3.8901496,spanish
4.81E-05,0.049813617,71540,-326.98407,139.28777,-8.748689,32.971592,22.634155,17.642849,0.6657602,13.898263,-0.86100787,-5.175089,2.3952107,0.63859224,-0.70492435,spanish
-0.000429892,0.06057104,99443,-300.66092,120.58936,-0.17867665,32.19384,-10.818893,27.333162,-2.3700354,2.0642016,-2.683069,-5.329222,-2.3699987,-7.164421,-6.1813655,spanish
-3.49E-07,0.031087747,118037,-347.40323,121.061134,-28.53324,36.350174,9.061477,23.256838,-5.3877835,11.092472,-5.9068027,-1.52282,-7.4181747,8.348698,-3.3670797,spanish
-4.49E-07,0.06017762,75061,-352.5131,125.53737,2.9515307,32.155224,18.012304,-10.815192,-4.3964534,-19.170622,-14.516229,-7.6644583,-20.77784,-7.6051645,-1.9029722,spanish
2.70E-08,0.035616584,69075,-374.30386,127.89588,12.491439,23.174486,17.346127,-2.4842682,-3.0894442,-17.722433,-11.98845,-0.34631038,-7.7715096,-4.3162293,-4.704922,spanish
-5.07E-05,0.029344294,93475,-339.3654,87.42586,17.151447,31.99802,4.3690424,18.664541,-4.938928,9.294949,6.327685,5.1972275,3.606586,6.940115,2.8397267,spanish
2.60E-05,0.0583131,92529,-306.75558,103.07914,9.72154,21.728012,14.4545555,-13.512712,-9.72829,-2.0761685,-9.661499,-2.6242797,-0.7561745,1.9200044,-6.9331484,spanish
3.85E-06,0.032913767,106526,-370.3519,77.45779,9.706555,33.18328,9.4374075,19.557625,-0.43448624,-2.5561194,-1.0655484,1.637687,-14.417358,9.054873,-22.53439,spanish
1.65E-07,0.054681804,42653,-335.70877,172.83395,-9.130267,17.93209,23.10034,-0.54515535,0.993877,-24.777142,-13.0788,14.449661,-6.6119847,-11.937812,-0.77690744,spanish
2.94E-07,0.032162607,91056,-411.7505,102.61692,23.66927,25.79725,21.57936,4.183453,-1.2787861,-9.966929,-8.551934,-4.674014,-9.62853,-7.33806,-2.2572575,spanish
-1.01E-07,0.037766296,116376,-386.6694,114.3668,-3.568892,26.810373,18.538618,-3.4150639,8.9476595,-9.471093,-13.228734,-2.1397123,-13.278605,-7.3483105,-0.57069534,spanish
6.59E-08,0.033986285,69514,-361.05997,150.7427,-5.451706,22.624979,23.59781,-5.4202642,-0.6546279,-12.992472,-13.300936,-1.2648169,-4.2859793,-2.5125742,-4.5670238,spanish
-2.03E-08,0.043186575,96267,-375.1345,130.54497,1.3765162,26.611391,18.480112,-8.678309,0.6568521,-11.804641,-13.615501,-2.1821048,-9.52615,-7.3929687,-2.0147092,spanish
1.36E-07,0.054661587,57881,-328.00916,146.64542,-18.325726,22.525326,19.365507,-0.39548355,7.9307427,-17.001375,-7.4428263,0.690864,-21.109589,-8.668734,-5.051776,spanish
6.41E-07,0.03627627,72530,-369.53537,171.5697,-23.003496,20.179634,13.355753,-15.908047,8.071047,-5.2713866,-6.6876893,0.84550023,-11.4954405,-1.2611275,-2.1775253,spanish
0.0002072,0.03767927,87092,-304.51294,98.03809,7.8560658,28.946049,5.605401,17.387905,-1.4546163,9.500972,4.6065702,6.7199464,0.554321,7.2865696,2.4191718,spanish
0.000210557,0.04890194,33434,-358.76553,151.96576,-4.39163,34.920387,16.547812,13.359382,12.517712,-1.637449,5.650113,4.38504,-0.8382208,5.221512,4.0915427,spanish
4.44E-06,0.07067907,63784,-336.21164,110.46716,21.274994,37.12753,24.71632,32.296238,-8.849463,-6.7101893,4.2940073,-4.267484,-6.935694,-8.236235,0.85875815,spanish
-9.94E-08,0.056028813,42489,-335.88516,160.8985,5.2651343,15.560924,11.683255,-6.9974537,-2.2131279,-12.861156,-8.020258,-5.4244556,-12.108904,-2.9468026,-5.6116533,spanish
3.54E-07,0.05263682,42079,-340.96835,175.91545,3.3566883,12.727968,16.26211,-1.9192564,-0.6164924,-17.037874,-12.346165,-2.1109064,-9.646187,-3.2599947,-4.3925486,spanish
-8.76E-08,0.028542351,108763,-416.66205,113.2739,-7.588635,21.610735,12.901342,-10.363525,-0.21560839,-10.894418,-6.079489,1.4524521,-10.052956,-3.4314616,-1.136778,spanish
-0.000338864,0.058883406,95768,-292.42682,102.92312,4.3938203,29.155865,12.22286,19.190922,-1.6217507,10.747194,2.6738214,4.618504,-4.1636114,8.083456,-0.38178304,spanish
0.000123932,0.120770834,55009,-307.29776,117.243454,26.883463,35.574074,9.244301,15.934451,-0.9558605,-4.33288,-2.4744737,-10.153027,-4.419802,-5.8651233,-3.9565573,spanish
0.000162995,0.048274387,101196,-299.40253,99.55987,-19.071321,30.447952,11.4204035,19.759525,-6.801646,11.324204,-1.0550156,1.3974916,-0.8117514,9.226079,-6.2829537,spanish
3.84E-07,0.031013072,102251,-367.05194,129.8416,-70.41147,22.649317,20.886892,-23.39454,-10.03628,-0.2471803,-10.265917,-7.3016295,0.19662581,-2.4056883,-2.5856445,spanish
0.000774677,0.054811645,71354,-306.20663,154.29414,-38.033344,17.179329,15.731558,-10.690077,10.693482,-4.560255,-6.714447,-3.114962,-13.32416,-2.5403047,-2.8684418,spanish
0.000245691,0.07313868,69549,-306.7564,124.24816,29.582329,47.711113,-0.8816029,35.98087,-5.9290814,19.155628,-9.541225,14.112928,-4.3311825,0.32557547,3.0970566,spanish
1.63E-06,0.03748725,88431,-303.69604,136.63622,-40.083317,19.03273,-1.091402,-15.211052,19.934711,-6.1619577,-4.9146743,3.8186998,-11.470648,1.7900468,-0.85808414,spanish
-8.50E-07,0.057463247,82391,-342.61743,138.69165,6.27043,27.824379,20.33231,22.826817,-9.479303,4.137256,-13.48901,-10.310832,-2.617897,-9.809151,-6.5107226,spanish
-9.96E-06,0.0549482,90311,-282.26776,117.03957,-10.447387,33.482216,-0.88690203,8.51622,-14.2027025,-1.6376517,-23.176004,-9.160309,-11.070399,-4.2198086,-4.5437326,spanish
6.21E-08,0.029588066,63322,-414.0725,113.338974,18.448988,23.288523,34.292656,13.524991,-5.270612,-16.240982,-10.568822,-1.9444563,-6.952204,-10.212365,-7.74065,spanish
-2.03E-08,0.05052771,88615,-355.53534,129.26012,2.45636,25.443876,18.374205,-1.366455,-3.9532776,-24.998037,-7.977497,5.2126217,-13.546267,-4.059162,-0.38859457,spanish
-5.20E-05,0.0410531,47293,-376.80545,84.32694,3.104776,37.264366,15.682523,18.761429,2.7457395,11.209696,7.2182136,6.7442355,6.5674415,8.705754,-0.35369697,spanish
1.34E-06,0.039943565,82687,-385.45108,134.30247,22.651424,9.924192,19.005976,2.5774229,0.9124495,-0.9749336,0.48198965,-1.8922842,-7.0555625,-2.8694367,-2.966055,spanish
7.62E-05,0.0372228,72415,-356.16272,113.9529,-27.760033,54.05972,8.426388,18.08641,2.979833,1.5247556,-5.582962,-0.6370619,8.241833,-2.6414294,2.1228502,spanish
0.000104387,0.04704983,73356,-351.95013,104.53727,-0.6431397,41.64573,14.312721,27.320173,-3.3595037,-1.6636925,-10.072927,1.3865101,3.4065983,1.0954312,-5.539367,spanish
-2.30E-05,0.06850181,117439,-395.54575,114.3079,7.4509277,16.364298,16.806574,-1.7194439,1.0499889,-6.2075677,-4.892117,3.6757805,-5.6122723,-6.1221094,-0.053009607,spanish
2.76E-06,0.09886197,88050,-293.37088,130.96414,-36.535667,42.842968,22.461538,1.0106516,20.578716,-4.3582034,9.376682,-0.46902108,-22.335785,10.4558,-1.1705837,spanish
-0.000136966,0.046154108,58427,-358.57974,133.53699,-28.251522,7.488197,22.360498,-10.517001,-2.1173751,-9.467353,-19.644812,-4.1990967,-1.4717113,1.1765629,3.8812087,spanish
2.10E-06,0.07191669,97288,-331.01578,127.635345,-0.6139534,22.144047,15.044295,7.963135,-12.470663,2.1557121,-5.377148,-5.139667,-3.926349,-9.983851,-3.9522128,spanish
5.33E-07,0.048402973,70930,-343.40875,109.428444,7.5429688,24.63569,-12.305688,-2.6023722,-5.673844,1.8637131,-8.415877,-11.650321,3.285166,0.44345298,-4.3708897,spanish
-4.90E-05,0.045230776,69155,-318.02936,163.97423,-48.998116,26.164791,41.61785,-20.912764,8.753176,12.555859,-12.819249,6.90331,2.477968,-8.20205,7.802345,spanish
1.24E-07,0.033440396,154878,-344.0753,84.26613,-42.01206,41.25656,-46.992954,17.625826,-17.123844,-17.97695,9.660162,-31.242872,4.429337,-19.906288,-15.002087,spanish
-9.45E-05,0.05890879,87252,-288.4782,124.59744,0.7702608,40.597584,-1.993427,26.292196,-2.227717,12.980862,-7.789884,2.5392983,2.7404616,0.31889838,-1.0557588,spanish
-3.43E-08,0.07704364,88635,-325.26056,107.2515,3.5315099,43.870808,3.6030042,6.861028,-4.493481,-5.763222,-0.64338475,-7.5445995,1.385179,-6.7518134,-9.233123,spanish
-2.52E-05,0.06971984,118525,-325.5536,99.60066,1.2436904,20.026716,-8.45307,19.389599,-11.206959,-6.8390775,-5.0652947,-10.941875,-10.998764,-5.2746153,-5.1630907,spanish
-1.50E-07,0.08768464,113072,-297.15417,110.573235,-29.566929,34.102436,4.82899,4.517181,-29.378372,-19.118214,-10.985096,-11.407083,-4.1351156,-17.582941,-11.845368,spanish
0.000400956,0.06483938,68082,-293.27765,125.787384,-23.506605,38.72283,3.8502998,13.083472,12.270036,-9.608094,7.6596637,-0.8679969,-4.802801,8.543333,-4.203496,spanish
2.06E-07,0.05387099,57057,-377.40668,132.11043,9.4933605,33.863956,29.896122,-7.9971375,-11.103697,-14.212818,-9.262823,-1.4414259,-6.9550896,-1.8003653,1.554587,spanish
3.59E-07,0.05246818,41988,-344.58633,142.9525,13.2729645,37.39994,36.970085,4.7923384,-4.763379,-16.97004,-4.129327,5.5112143,-11.423838,-5.709244,1.8712454,spanish
-2.81E-06,0.062386148,57139,-342.26178,129.64174,12.56213,25.2779,20.821346,19.040783,-9.025544,4.587091,-3.1277213,-7.4138455,-3.6148286,-11.825569,-7.6154513,spanish
2.13E-07,0.059928246,68630,-354.96866,131.91127,17.754509,30.785446,30.213707,9.879891,-1.1524575,-21.068714,-7.2077866,7.420307,-13.053827,-15.013737,-2.4776223,spanish
4.51E-07,0.052955054,74432,-374.94482,138.55457,12.52522,28.125282,23.207586,7.9928203,4.9118576,-18.06163,-7.376507,4.052004,-10.282598,-3.6270168,-0.8016658,spanish
-3.15E-06,0.04589879,213118,-397.39313,143.51585,-4.503741,9.285589,9.828571,10.853152,17.194147,-15.14444,-8.183851,5.344266,-11.0205145,-4.137531,-2.9857662,spanish
-2.70E-06,0.04344825,146604,-417.61115,122.24405,10.619658,15.675532,27.39517,3.3260772,3.2173727,6.4322753,-6.262708,-5.7599373,0.7754258,-3.0129855,-5.017187,spanish
-2.02E-06,0.028813941,214499,-428.67673,105.49814,-13.422694,10.170997,16.604626,-10.897224,-0.07971432,1.2084919,-7.5723214,-0.4432604,-3.484023,-6.4068813,1.266513,spanish
-1.76E-06,0.048271496,83619,-395.51038,127.38557,-9.004297,10.404554,25.038334,-8.479925,-7.040026,0.30157098,-5.81171,-2.4021716,-2.458417,-6.04477,-3.6781015,spanish
-8.83E-06,0.07352616,122867,-369.04843,123.64244,4.48687,19.491423,16.92104,-1.1742185,1.1968716,-11.057302,-12.195655,-10.702414,-14.313476,-4.2696085,-4.0147786,spanish
-4.81E-06,0.05189203,248030,-412.90298,118.80807,-0.7466948,7.89133,12.588695,6.5927696,6.2158146,-8.719276,-0.8157992,1.0072309,-12.71,-2.5002055,0.84869343,spanish
5.70E-06,0.053119667,194383,-379.61972,114.112686,-4.734866,24.429787,12.500811,4.137181,16.883419,-3.6470284,0.70699126,-0.4750193,-11.86756,1.855125,-5.655195,spanish
0.000279248,0.050883405,48044,-349.13538,131.27287,13.39054,41.175133,7.8984118,23.819517,6.7288566,2.0578845,14.149462,-0.22548719,3.1171558,-1.7327571,6.883156,spanish
-3.14E-06,0.055654578,100213,-349.3267,139.20557,2.787154,21.753475,23.634113,14.202358,-6.0339494,1.6775349,-1.731034,-5.159551,-2.9969277,-8.976765,-6.1650395,spanish
7.28E-06,0.040073115,71750,-348.5567,121.15222,-7.5962367,20.70418,6.505757,15.263371,-5.247074,-4.457149,-11.949119,-9.989662,2.2481427,2.0624764,6.038479,spanish
-0.000230834,0.035150263,58514,-380.36877,131.94427,-27.567963,7.1351476,22.260344,-10.178873,-2.4474897,-9.624015,-19.713696,-4.499122,-1.4058616,1.2381245,3.7949502,spanish
4.20E-07,0.052252702,95647,-349.2326,111.87002,0.09068797,11.3651705,7.307365,-3.3931649,-4.5350766,-17.516472,-19.528814,-0.86350316,0.8995809,-10.393621,0.60564756,spanish
1.35E-07,0.0461407,97521,-305.71558,101.444984,-13.415777,39.597233,-12.442553,20.704004,-16.934294,0.04025621,-14.484354,-2.4657924,4.1641536,-8.548439,-4.382638,spanish
1.55E-06,0.05191009,57591,-358.05148,122.20199,18.863756,14.269822,20.883516,2.6649914,-23.915812,-14.629332,-1.3790239,-5.4327435,-7.5761194,-9.499023,-7.950476,spanish
-8.55E-06,0.039063916,95467,-353.7568,111.010475,-0.57015914,12.17861,-0.38344097,1.900016,5.101347,-0.49434742,-2.2248528,1.5576618,-12.545543,0.0827858,-7.7413845,spanish
-2.51E-05,0.057173014,126050,-297.69873,122.65223,-34.793625,36.723843,-10.91252,5.5019455,-6.182228,-19.624388,-3.8085563,-22.720652,-0.35741287,-8.991444,-15.326606,spanish
-9.00E-07,0.018748006,148152,-457.79483,109.67304,-26.492847,4.705098,16.463823,-12.493035,-4.3461585,-2.8302462,-11.891515,-11.198581,-9.377306,-5.1007953,-3.596313,spanish
-1.07E-05,0.034831863,176414,-393.59528,103.51657,14.958237,31.186247,11.672146,17.577389,-1.0794454,1.5364861,-7.3904376,2.7206974,-1.7302614,-4.2987785,-3.0733752,spanish
6.87E-07,0.053164825,59405,-384.3141,142.6522,18.678017,6.564864,-2.254109,-12.77794,-6.1481752,-10.634598,-4.9221096,-0.79261506,-8.8496065,-7.3939314,-4.494384,spanish
